mz,KEGG ID,Formula,Name,modification
55.0186,C05986,C3H4O,2-Propyn-1-ol,-H(+)
57.0346,C00207,C3H6O,Acetone,-H(+)
57.0346,C00479,C3H6O,Propanal,-H(+)
59.0137,C00033,C2H4O2,Acetate,-H(+)
59.0137,C00266,C2H4O2,Glycolaldehyde,-H(+)
59.0243,C00086,CH4N2O,Urea,-H(+)
59.0501,C01845,C3H8O,Propan-2-ol,-H(+)
59.0501,C05979,C3H8O,Propane-1-ol,-H(+)
61.9884,C00244,HNO3,Nitrate,-H(+)
67.0188,C06145,C4H4O,3-Butyn-1-al,-H(+)
69.0343,C06146,C4H6O,3-Butyn-1-ol,-H(+)
71.0135,C00511,C3H4O2,Acrylic acid,-H(+)
71.0135,C00546,C3H4O2,Methylglyoxal,-H(+)
73.0293,C00163,C3H6O2,Propanoate,-H(+)
73.0293,C00424,C3H6O2,(S)-Lactaldehyde,-H(+)
73.0293,C00937,C3H6O2,(R)-Lactaldehyde,-H(+)
73.0293,C00969,C3H6O2,3-Hydroxypropanal,-H(+)
73.0293,C05235,C3H6O2,Hydroxyacetone,-H(+)
73.0293,C05999,C3H6O2,Lactaldehyde,-H(+)
74.0245,C00037,C2H5NO2,Glycine,-H(+)
75.0085,C00160,C2H4O3,Glycolate,-H(+)
76.9797,C06754,C2H3ClO,Chloroacetaldehyde,-H(+)
79.9572,C11481,HSO3,HSO3-,-H(+)
83.0254,C06195,C3H4N2O,Imidazolone,-H(+)
85.0292,C00741,C4H6O2,Diacetyl,-H(+)
87.0084,C00022,C3H4O3,Pyruvate,-H(+)
87.0084,C00222,C3H4O3,3-Oxopropanoate,-H(+)
87.0452,C00810,C4H8O2,(R)-Acetoin,-H(+)
87.0452,C01769,C4H8O2,(S)-Acetoin,-H(+)
88.0403,C00041,C3H7NO2,L-Alanine,-H(+)
88.0403,C00099,C3H7NO2,beta-Alanine,-H(+)
88.0403,C00133,C3H7NO2,D-Alanine,-H(+)
88.0403,C00213,C3H7NO2,Sarcosine,-H(+)
88.0403,C01401,C3H7NO2,Alanine,-H(+)
89.0244,C00184,C3H6O3,Glycerone,-H(+)
89.0244,C00186,C3H6O3,(S)-Lactate,-H(+)
89.0244,C00256,C3H6O3,(R)-Lactate,-H(+)
89.0244,C00577,C3H6O3,D-Glyceraldehyde,-H(+)
89.0244,C01013,C3H6O3,3-Hydroxypropanoate,-H(+)
91.0398,C00116,C3H8O3,Glycerol,-H(+)
93.033,C00146,C6H6O,Phenol,-H(+)
95.013,C07090,C5H4O2,Protoanemonin,-H(+)
96.9599,C00059,H2SO4,Sulfate,-H(+)
101.0241,C00109,C4H6O3,2-Oxobutanoate,-H(+)
101.0241,C00164,C4H6O3,Acetoacetate,-H(+)
101.0241,C00232,C4H6O3,Succinate semialdehyde,-H(+)
101.0241,C06002,C4H6O3,(S)-Methylmalonate semialdehyde,-H(+)
102.0558,C00334,C4H9NO2,4-Aminobutanoate,-H(+)
102.0558,C01026,C4H9NO2,"N,N-Dimethylglycine",-H(+)
102.0558,C03284,C4H9NO2,L-3-Amino-isobutanoate,-H(+)
103.0025,C00168,C3H4O4,Hydroxypyruvate,-H(+)
103.0025,C00383,C3H4O4,Malonate,-H(+)
103.0025,C01146,C3H4O4,2-Hydroxy-3-oxopropanoate,-H(+)
104.035,C00065,C3H7NO3,L-Serine,-H(+)
104.035,C00740,C3H7NO3,D-Serine,-H(+)
108.0453,C01987,C6H7NO,2-Aminophenol,-H(+)
109.0287,C00530,C6H6O2,Hydroquinone,-H(+)
109.0407,C05130,C5H6N2O,Imidazole-4-acetaldehyde,-H(+)
110.0244,C01059,C5H5NO2,"2,5-Dihydroxypyridine",-H(+)
110.0244,C03056,C5H5NO2,"2,6-Dihydroxypyridine",-H(+)
110.0244,C05942,C5H5NO2,Pyrrole-2-carboxylate,-H(+)
110.0373,C00380,C4H5N3O,Cytosine,-H(+)
110.0719,C00388,C5H9N3,Histamine,-H(+)
112.0399,C03564,C5H7NO2,1-Pyrroline-2-carboxylate,-H(+)
112.0399,C03912,C5H7NO2,(S)-1-Pyrroline-5-carboxylate,-H(+)
112.0521,C00791,C4H7N3O,Creatinine,-H(+)
113.0241,C00596,C5H6O3,"2-Hydroxy-2,4-pentadienoate",-H(+)
113.0241,C07091,C5H6O3,cis-Acetylacrylate,-H(+)
114.0197,C01596,C4H5NO3,Maleamate,-H(+)
114.0555,C00148,C5H9NO2,L-Proline,-H(+)
114.0555,C00763,C5H9NO2,D-Proline,-H(+)
114.0555,C18170,C5H9NO2,3-Acetamidopropanal,-H(+)
115.0033,C00122,C4H4O4,Fumarate,-H(+)
115.0401,C00141,C5H8O3,3-Methyl-2-oxobutanoic acid,-H(+)
115.0401,C03273,C5H8O3,5-Oxopentanoate,-H(+)
116.0354,C00441,C4H7NO3,L-Aspartate 4-semialdehyde,-H(+)
116.0504,C00463,C8H7N,Indole,-H(+)
116.0504,C16074,C8H7N,Phenylacetonitrile,-H(+)
116.0714,C00183,C5H11NO2,L-Valine,-H(+)
116.0714,C00431,C5H11NO2,5-Aminopentanoate,-H(+)
116.0714,C00719,C5H11NO2,Betaine,-H(+)
116.0714,C15987,C5H11NO2,4-Methylaminobutyrate,-H(+)
117.0187,C00042,C4H6O4,Succinate,-H(+)
117.0187,C02170,C4H6O4,Methylmalonate,-H(+)
118.0507,C00188,C4H9NO3,L-Threonine,-H(+)
118.0507,C00263,C4H9NO3,L-Homoserine,-H(+)
118.0507,C05519,C4H9NO3,L-Allothreonine,-H(+)
118.9804,C00957,C3H4O3S,Mercaptopyruvate,-H(+)
119.0494,C00601,C8H8O,Phenylacetaldehyde,-H(+)
119.0494,C05627,C8H8O,4-Hydroxystyrene,-H(+)
120.9288,C14870,C2H3BrO,2-Bromoacetaldehyde,-H(+)
121.0294,C00180,C7H6O2,Benzoate,-H(+)
124.0165,C03557,C2H8NO3P,2-Aminoethylphosphonate,-H(+)
124.0536,C02376,C5H7N3O,5-Methylcytosine,-H(+)
126.0205,C03458,C5H5NO3,"2,3,6-Trihydroxypyridine",-H(+)
126.056,C00450,C6H9NO2,"(S)-2,3,4,5-Tetrahydropyridine-2-carboxylate",-H(+)
126.056,C04092,C6H9NO2,delta1-Piperideine-2-carboxylate,-H(+)
127.0512,C00906,C5H8N2O2,"5,6-Dihydrothymine",-H(+)
127.0512,C05715,C5H8N2O2,gamma-Amino-gamma-cyanobutanoate,-H(+)
128.0353,C01877,C5H7NO3,4-Oxoproline,-H(+)
128.0353,C01879,C5H7NO3,Pidolic acid,-H(+)
128.0353,C04281,C5H7NO3,L-1-Pyrroline-3-hydroxy-5-carboxylate,-H(+)
128.0353,C04282,C5H7NO3,1-Pyrroline-4-hydroxy-2-carboxylate,-H(+)
128.0842,C02647,C5H11N3O,4-Guanidinobutanal,-H(+)
129.0195,C00433,C5H6O4,"2,5-Dioxopentanoate",-H(+)
129.0195,C02226,C5H6O4,2-Methylmaleate,-H(+)
129.0195,C02800,C5H6O4,"4,5-Dioxopentanoate",-H(+)
129.0552,C00233,C6H10O3,4-Methyl-2-oxopentanoate,-H(+)
129.0552,C00671,C6H10O3,(S)-3-Methyl-2-oxopentanoic acid,-H(+)
129.0552,C03467,C6H10O3,beta-Ketoisocaproate,-H(+)
129.0552,C06102,C6H10O3,Adipate semialdehyde,-H(+)
129.1069,C02714,C6H14N2O,N-Acetylputrescine,-H(+)
130.0515,C00430,C5H9NO3,5-Aminolevulinate,-H(+)
130.0515,C01073,C5H9NO3,N-Acetyl-beta-alanine,-H(+)
130.0515,C01157,C5H9NO3,Hydroxyproline,-H(+)
130.0515,C01165,C5H9NO3,L-Glutamate 5-semialdehyde,-H(+)
130.0515,C03440,C5H9NO3,cis-4-Hydroxy-D-proline,-H(+)
130.0515,C03741,C5H9NO3,(S)-4-Amino-5-oxopentanoate,-H(+)
130.0875,C00123,C6H13NO2,L-Leucine,-H(+)
130.0875,C00407,C6H13NO2,L-Isoleucine,-H(+)
130.0875,C02486,C6H13NO2,(3R)-beta-Leucine,-H(+)
131.0352,C00489,C5H8O4,Glutarate,-H(+)
131.0352,C00900,C5H8O4,2-Acetolactate,-H(+)
131.0352,C03589,C5H8O4,4-Hydroxy-2-oxopentanoate,-H(+)
131.0352,C04106,C5H8O4,2-(Hydroxymethyl)-4-oxobutanoate,-H(+)
131.0352,C04181,C5H8O4,3-Hydroxy-3-methyl-2-oxobutanoic acid,-H(+)
131.0352,C06010,C5H8O4,(S)-2-Acetolactate,-H(+)
131.0462,C00152,C4H8N2O3,L-Asparagine,-H(+)
131.0462,C01043,C4H8N2O3,N-Carbamoylsarcosine,-H(+)
131.0462,C02642,C4H8N2O3,3-Ureidopropionate,-H(+)
131.0717,C06103,C6H12O3,6-Hydroxyhexanoic acid,-H(+)
131.0829,C00077,C5H12N2O2,L-Ornithine,-H(+)
132.0302,C00049,C4H7NO4,L-Aspartate,-H(+)
132.0302,C00402,C4H7NO4,D-Aspartate,-H(+)
132.046,C00561,C8H7NO,Mandelonitrile,-H(+)
132.046,C05658,C8H7NO,Indoxyl,-H(+)
133.0139,C00149,C4H6O5,(S)-Malate,-H(+)
133.0139,C00497,C4H6O5,(R)-Malate,-H(+)
133.0503,C01801,C5H10O4,Deoxyribose,-H(+)
133.0503,C04039,C5H10O4,"2,3-Dihydroxy-3-methylbutanoate",-H(+)
133.0503,C04272,C5H10O4,"(R)-2,3-Dihydroxy-3-methylbutanoate",-H(+)
134.0474,C00147,C5H5N5,Adenine,-H(+)
134.0628,C02505,C8H9NO,2-Phenylacetamide,-H(+)
134.0628,C19714,C8H9NO,(E)-Phenylacetaldoxime,-H(+)
135.0304,C00262,C5H4N4O,Hypoxanthine,-H(+)
135.0451,C03765,C8H8O2,4-Hydroxyphenylacetaldehyde,-H(+)
135.0451,C06224,C8H8O2,"3,4-Dihydroxystyrene",-H(+)
135.0451,C07086,C8H8O2,Phenylacetic acid,-H(+)
135.0451,C10700,C8H8O2,4'-Hydroxyacetophenone,-H(+)
136.0409,C00108,C7H7NO2,Anthranilate,-H(+)
136.0409,C00568,C7H7NO2,4-Aminobenzoate,-H(+)
136.0409,C01004,C7H7NO2,N-Methylnicotinate,-H(+)
136.0644,C02918,C7H9N2O,1-Methylnicotinamide,-H(+)
136.0769,C00483,C8H11NO,Tyramine,-H(+)
137.0971,C16323,C9H14O,"3,6-Nonadienal",-H(+)
138.0675,C01279,C6H9N3O,4-Amino-5-hydroxymethyl-2-methylpyrimidine,-H(+)
138.0675,C01929,C6H9N3O,L-Histidinal,-H(+)
139.9762,C00169,CH4NO5P,Carbamoyl phosphate,-H(+)
140.083,C00860,C6H11N3O,L-Histidinol,-H(+)
143.0351,C00922,C6H8O4,"2,3-Dimethylmaleate",-H(+)
143.0351,C02295,C6H8O4,Methylitaconate,-H(+)
143.0351,C02930,C6H8O4,2-Methyleneglutarate,-H(+)
144.0666,C02946,C6H11NO3,4-Acetamidobutanoate,-H(+)
144.0666,C03239,C6H11NO3,6-Amino-2-oxohexanoate,-H(+)
144.0666,C04076,C6H11NO3,L-2-Aminoadipate 6-semialdehyde,-H(+)
144.0666,C05825,C6H11NO3,2-Amino-5-oxohexanoate,-H(+)
144.0817,C01035,C5H11N3O2,4-Guanidinobutanoate,-H(+)
145.0507,C00966,C6H10O4,2-Dehydropantoate,-H(+)
145.0507,C01053,C6H10O4,(R)-4-Dehydropantoate,-H(+)
145.0507,C06006,C6H10O4,(S)-2-Aceto-2-hydroxybutanoate,-H(+)
145.0507,C14463,C6H10O4,(R)-3-Hydroxy-3-methyl-2-oxopentanoate,-H(+)
145.0625,C00064,C5H10N2O3,L-Glutamine,-H(+)
145.0625,C05100,C5H10N2O3,3-Ureidoisobutyrate,-H(+)
145.0625,C16673,C5H10N2O3,Isoglutamine,-H(+)
145.0781,C03114,C9H10N2,Dimethylbenzimidazole,-H(+)
145.0974,C00047,C6H14N2O2,L-Lysine,-H(+)
145.0974,C00739,C6H14N2O2,D-Lysine,-H(+)
145.0974,C01142,C6H14N2O2,"(3S)-3,6-Diaminohexanoate",-H(+)
145.0974,C01186,C6H14N2O2,"(3S,5S)-3,5-Diaminohexanoate",-H(+)
145.0974,C05161,C6H14N2O2,"2,5-Diaminohexanoate",-H(+)
145.0974,C20277,C6H14N2O2,"(2R,3R)-3-Methylornithine",-H(+)
146.025,C05579,C8H5NO2,"Indole-5,6-quinone",-H(+)
146.046,C00025,C5H9NO4,L-Glutamate,-H(+)
146.046,C00217,C5H9NO4,D-Glutamate,-H(+)
146.046,C00302,C5H9NO4,DL-Glutamate,-H(+)
146.046,C00979,C5H9NO4,O-Acetyl-L-serine,-H(+)
146.046,C05938,C5H9NO4,L-4-Hydroxyglutamate semialdehyde,-H(+)
146.046,C05941,C5H9NO4,2-Oxo-4-hydroxy-5-aminovalerate,-H(+)
146.0804,C20310,C6H13NO3,N-Hydroxy-L-isoleucine,-H(+)
147.0298,C02266,C5H8O5,D-Xylonolactone,-H(+)
147.0298,C02612,C5H8O5,(R)-2-Methylmalate,-H(+)
147.0298,C02614,C5H8O5,(S)-2-Methylmalate,-H(+)
147.0298,C02630,C5H8O5,2-Hydroxyglutarate,-H(+)
147.0298,C03826,C5H8O5,2-Dehydro-3-deoxy-D-xylonate,-H(+)
147.0298,C06032,C5H8O5,D-erythro-3-Methylmalate,-H(+)
147.0661,C00418,C6H12O4,(R)-Mevalonate,-H(+)
147.0661,C00522,C6H12O4,(R)-Pantoate,-H(+)
147.0661,C06007,C6H12O4,"(R)-2,3-Dihydroxy-3-methylpentanoate",-H(+)
148.0414,C02775,C8H7NO2,"2,3-Dihydroxyindole",-H(+)
148.0414,C03574,C8H7NO2,2-Formylaminobenzaldehyde,-H(+)
148.0414,C03742,C8H7NO2,(S)-4-Hydroxymandelonitrile,-H(+)
148.0414,C05578,C8H7NO2,"5,6-Dihydroxyindole",-H(+)
148.0414,C00073,C5H11NO2S,L-Methionine,-H(+)
148.0414,C00855,C5H11NO2S,D-Methionine,-H(+)
149.0457,C00121,C5H10O5,D-Ribose,-H(+)
149.0457,C00181,C5H10O5,D-Xylose,-H(+)
149.0457,C00259,C5H10O5,L-Arabinose,-H(+)
149.0457,C00309,C5H10O5,D-Ribulose,-H(+)
149.0457,C00310,C5H10O5,D-Xylulose,-H(+)
149.0457,C00312,C5H10O5,L-Xylulose,-H(+)
149.0457,C00476,C5H10O5,D-Lyxose,-H(+)
149.0457,C00508,C5H10O5,L-Ribulose,-H(+)
149.0457,C01508,C5H10O5,L-Lyxose,-H(+)
149.0979,C02576,C10H14O,Perillyl aldehyde,-H(+)
150.0421,C00242,C5H5N5O,Guanine,-H(+)
151.0222,C00385,C5H4N4O2,Xanthine,-H(+)
151.0406,C00642,C8H8O3,4-Hydroxyphenylacetate,-H(+)
151.0406,C00755,C8H8O3,4-Hydroxy-3-methoxy-benzaldehyde,-H(+)
151.0406,C04043,C8H8O3,"3,4-Dihydroxyphenylacetaldehyde",-H(+)
151.0406,C05593,C8H8O3,3-Hydroxyphenylacetate,-H(+)
151.0406,C05852,C8H8O3,2-Hydroxyphenylacetate,-H(+)
152.0354,C00632,C7H7NO3,3-Hydroxyanthranilate,-H(+)
152.0354,C01270,C7H7NO3,3-Hydroxy-2-methylpyridine-5-carboxylate,-H(+)
152.0719,C03758,C8H11NO2,Dopamine,-H(+)
152.0719,C16666,C8H11NO2,Vanillylamine,-H(+)
154.0627,C00135,C6H9N3O2,L-Histidine,-H(+)
154.981,C03920,C3H8O3S2,2-(Methylthio)ethanesulfonate,-H(+)
156.029,C02220,C6H7NO4,2-Aminomuconate,-H(+)
157.0513,C02631,C7H10O4,2-Isopropylmaleate,-H(+)
157.066,C02909,C11H10O,(2-Naphthyl)methanol,-H(+)
157.066,C14089,C11H10O,1-Hydroxymethylnaphthalene,-H(+)
158.0612,C00637,C10H9NO,Indole-3-acetaldehyde,-H(+)
158.0825,C03087,C7H13NO3,5-Acetamidopentanoate,-H(+)
159.0298,C00322,C6H8O5,2-Oxoadipate,-H(+)
159.0298,C04287,C6H8O5,"3D-(3,5/4)-Trihydroxycyclohexane-1,2-dione",-H(+)
159.0298,C16159,C6H8O5,2-Formylglutarate,-H(+)
159.0666,C02656,C7H12O4,Pimelate,-H(+)
160.0274,C01044,C5H7NO5,N-Formyl-L-aspartate,-H(+)
160.0404,C05637,C9H7NO2,"4,8-Dihydroxyquinoline",-H(+)
160.0404,C05639,C9H7NO2,"4,6-Dihydroxyquinoline",-H(+)
160.0623,C00956,C6H11NO4,L-2-Aminoadipate,-H(+)
160.0623,C01046,C6H11NO4,N-Methyl-L-glutamate,-H(+)
160.0623,C01077,C6H11NO4,O-Acetyl-L-homoserine,-H(+)
160.079,C00955,C10H11NO,Indole-3-ethanol,-H(+)
161.0278,C15606,C6H10O3S,"1,2-Dihydroxy-5-(methylthio)pent-1-en-3-one",-H(+)
161.0462,C01088,C6H10O5,"(R)-3,3-Dimethylmalate",-H(+)
161.0462,C01989,C6H10O5,3-Ethylmalate,-H(+)
161.0462,C02488,C6H10O5,(R)-2-Ethylmalate,-H(+)
161.0462,C02991,C6H10O5,"L-Rhamnono-1,4-lactone",-H(+)
161.0462,C03652,C6H10O5,"(2R,3S)-2,3-Dimethylmalate",-H(+)
161.0462,C03979,C6H10O5,2-Dehydro-3-deoxy-L-rhamnonate,-H(+)
161.0462,C06159,C6H10O5,2-Dehydro-3-deoxy-D-fuconate,-H(+)
161.0462,C16390,C6H10O5,(S)-2-(Hydroxymethyl)glutarate,-H(+)
162.0774,C20311,C6H13NO4,"N,N-Dihydroxy-L-isoleucine",-H(+)
164.0393,C02989,C5H11NO3S,L-Methionine S-oxide,-H(+)
164.0725,C00079,C9H11NO2,L-Phenylalanine,-H(+)
164.0725,C02265,C9H11NO2,D-Phenylalanine,-H(+)
165.0195,C01606,C8H6O4,Phthalate,-H(+)
166.0869,C05587,C9H13NO2,3-Methoxytyramine,-H(+)
166.9753,C00074,C3H5O6P,Phosphoenolpyruvate,-H(+)
167.0703,C06459,C5H15NO3P,N-Trimethyl-2-aminoethylphosphonate,-H(+)
168.0668,C00314,C8H11NO3,Pyridoxine,-H(+)
168.0668,C00547,C8H11NO3,L-Noradrenaline,-H(+)
171.0066,C00093,C3H9O6P,sn-Glycerol 3-phosphate,-H(+)
171.0445,C05565,C6H8N2O4,Hydantoin-5-propionate,-H(+)
172.0617,C01250,C7H11NO4,N-Acetyl-L-glutamate 5-semialdehyde,-H(+)
173.0098,C00417,C6H6O6,cis-Aconitate,-H(+)
173.0098,C05422,C6H6O6,Dehydroascorbate,-H(+)
173.0465,C00493,C7H10O5,Shikimate,-H(+)
173.0465,C04236,C7H10O5,(2S)-2-Isopropyl-3-oxosuccinate,-H(+)
173.0586,C00439,C6H10N2O4,N-Formimino-L-glutamate,-H(+)
173.0586,C16674,C6H10N2O4,Formylisoglutamine,-H(+)
173.0718,C02693,C10H10N2O,(Indol-3-yl)acetamide,-H(+)
173.1051,C00062,C6H14N4O2,L-Arginine,-H(+)
174.0415,C01042,C6H9NO5,N-Acetyl-L-aspartate,-H(+)
174.0415,C01045,C6H9NO5,N-Formyl-L-glutamate,-H(+)
174.0894,C00327,C6H13N3O3,L-Citrulline,-H(+)
174.1232,C18174,C7H17N3O2,Carboxynorspermidine,-H(+)
175.0238,C00072,C6H8O6,Ascorbate,-H(+)
175.0238,C02670,C6H8O6,D-Glucuronolactone,-H(+)
175.0238,C03217,C6H8O6,2-Hydroxy-3-oxoadipate,-H(+)
175.0238,C04053,C6H8O6,5-Dehydro-4-deoxy-D-glucuronate,-H(+)
175.0238,C04349,C6H8O6,"(4S)-4,6-Dihydroxy-2,5-dioxohexanoate",-H(+)
175.0621,C02123,C7H12O5,3-Propylmalate,-H(+)
175.0621,C02504,C7H12O5,alpha-Isopropylmalate,-H(+)
175.0621,C04411,C7H12O5,"(2R,3S)-3-Isopropylmalate",-H(+)
176.035,C03145,C6H11NO3S,N-Formylmethionine,-H(+)
177.0406,C00198,C6H10O6,"D-Glucono-1,5-lactone",-H(+)
177.0406,C00204,C6H10O6,2-Dehydro-3-deoxy-D-gluconate,-H(+)
177.0406,C00691,C6H10O6,"2,4,6/3,5-Pentahydroxycyclohexanone",-H(+)
177.0406,C01216,C6H10O6,2-Dehydro-3-deoxy-D-galactonate,-H(+)
177.0406,C03383,C6H10O6,"D-Galactono-1,4-lactone",-H(+)
177.0406,C20251,C6H10O6,1-Keto-D-chiro-inositol,-H(+)
179.0336,C01179,C9H8O4,3-(4-Hydroxyphenyl)pyruvate,-H(+)
179.0336,C01197,C9H8O4,Caffeate,-H(+)
179.0336,C05350,C9H8O4,2-Hydroxy-3-(4-hydroxyphenyl)propenoate,-H(+)
179.0336,C12623,C9H8O4,"trans-2,3-Dihydroxycinnamate",-H(+)
179.0571,C00031,C6H12O6,D-Glucose,-H(+)
179.0571,C00095,C6H12O6,D-Fructose,-H(+)
179.0571,C00124,C6H12O6,D-Galactose,-H(+)
179.0571,C00137,C6H12O6,myo-Inositol,-H(+)
179.0571,C00159,C6H12O6,D-Mannose,-H(+)
179.0571,C00221,C6H12O6,beta-D-Glucose,-H(+)
179.0571,C00247,C6H12O6,L-Sorbose,-H(+)
179.0571,C00267,C6H12O6,alpha-D-Glucose,-H(+)
179.0571,C00795,C6H12O6,D-Tagatose,-H(+)
179.0571,C01487,C6H12O6,D-Allose,-H(+)
179.0571,C01680,C6H12O6,D-Fuconate,-H(+)
179.0571,C01934,C6H12O6,L-Rhamnonate,-H(+)
179.0571,C02336,C6H12O6,beta-D-Fructose,-H(+)
179.0571,C06153,C6H12O6,scyllo-Inositol,-H(+)
179.0571,C19891,C6H12O6,D-chiro-Inositol,-H(+)
180.941,C18904,C4H6O3Se,Methylselenopyruvate,-H(+)
181.05,C03672,C9H10O4,3-(4-Hydroxyphenyl)lactate,-H(+)
181.05,C04044,C9H10O4,"3-(2,3-Dihydroxyphenyl)propanoate",-H(+)
181.05,C05582,C9H10O4,Homovanillate,-H(+)
181.05,C05583,C9H10O4,3-Methoxy-4-hydroxyphenylglycolaldehyde,-H(+)
181.05,C10447,C9H10O4,"3,4-Dihydroxyphenylpropanoate",-H(+)
181.05,C12622,C9H10O4,"cis-3-(3-Carboxyethenyl)-3,5-cyclohexadiene-1,2-diol",-H(+)
181.0724,C00392,C6H14O6,Mannitol,-H(+)
181.0724,C00794,C6H14O6,D-Sorbitol,-H(+)
181.0724,C01697,C6H14O6,Galactitol,-H(+)
182.0459,C00847,C8H9NO4,4-Pyridoxate,-H(+)
182.0459,C04773,C8H9NO4,3-Hydroxy-4-hydroxymethyl-2-methylpyridine-5-carboxylate,-H(+)
182.9705,C03232,C3H5O7P,3-Phosphonooxypyruvate,-H(+)
183.0055,C15556,C4H9O6P,"L-3,4-Dihydroxybutan-2-one 4-phosphate",-H(+)
183.0176,C11821,C5H4N4O4,5-Hydroxyisourate,-H(+)
183.0664,C00588,C5H15NO4P,Choline phosphate,-H(+)
183.0664,C05594,C9H12O4,3-Methoxy-4-hydroxyphenylethyleneglycol,-H(+)
183.0664,C11588,C9H12O4,"cis-3-(Carboxy-ethyl)-3,5-cyclo-hexadiene-1,2-diol",-H(+)
184.0023,C01005,C3H8NO6P,O-Phospho-L-serine,-H(+)
184.0979,C10858,C9H15NO3,Ecgonine,-H(+)
186.0767,C05548,C8H13NO4,6-Acetamido-2-oxohexanoate,-H(+)
186.1142,C01092,C9H17NO3,8-Amino-7-oxononanoate,-H(+)
186.9809,C18304,C7H5ClO4,2-Chloro-5-methyl-cis-dienelactone,-H(+)
186.9809,C18309,C7H5ClO4,3-Chloro-2-methyldienelactone,-H(+)
187.0246,C04002,C7H8O6,"(Z)-But-1-ene-1,2,4-tricarboxylate",-H(+)
187.0246,C04225,C7H8O6,"(Z)-But-2-ene-1,2,3-tricarboxylate",-H(+)
187.1082,C02727,C8H16N2O3,N6-Acetyl-L-lysine,-H(+)
188.0398,C02172,C10H7NO3,N-Acetylisatin,-H(+)
188.0398,C14800,C10H7NO3,"1-Nitronaphthalene-5,6-oxide",-H(+)
188.0398,C14802,C10H7NO3,"1-Nitronaphthalene-7,8-oxide",-H(+)
188.0567,C00624,C7H11NO5,N-Acetyl-L-glutamate,-H(+)
188.0567,C03871,C7H11NO5,L-2-Amino-6-oxoheptanedioate,-H(+)
189.0424,C00944,C7H10O6,3-Dehydroquinate,-H(+)
189.0424,C06201,C7H10O6,"2,4-Dihydroxyhept-2-enedioate",-H(+)
189.0773,C04546,C8H14O5,(R)-3-((R)-3-Hydroxybutanoyloxy)butanoate,-H(+)
189.094,C05933,C6H14N4O3,N-(omega)-Hydroxyarginine,-H(+)
190.0549,C05635,C10H9NO3,5-Hydroxyindoleacetate,-H(+)
190.0549,C16596,C10H9NO3,"5-Phenyl-1,3-oxazinane-2,4-dione",-H(+)
190.9738,C06329,C6H5ClO5,2-Chloromaleylacetate,-H(+)
191.0204,C00158,C6H8O7,Citrate,-H(+)
191.0204,C00311,C6H8O7,Isocitrate,-H(+)
191.0204,C04575,C6H8O7,"(4R,5S)-4,5,6-Trihydroxy-2,3-dioxohexanoate",-H(+)
192.0675,C05598,C10H11NO3,Phenylacetylglycine,-H(+)
192.0675,C16587,C10H11NO3,3-Carbamoyl-2-phenylpropionaldehyde,-H(+)
192.0675,C16595,C10H11NO3,"4-Hydroxy-5-phenyltetrahydro-1,3-oxazin-2-one",-H(+)
193.065,C11432,C14H10O,1-Phenanthrol,-H(+)
194.0828,C16586,C10H13NO3,"2-Phenyl-1,3-propanediol monocarbamate",-H(+)
195.0274,C04045,C9H8O5,"3-(3,4-Dihydroxyphenyl)pyruvate",-H(+)
195.0513,C00257,C6H12O7,D-Gluconic acid,-H(+)
195.0513,C00514,C6H12O7,D-Mannonate,-H(+)
195.0513,C00800,C6H12O7,L-Gulonate,-H(+)
195.0513,C00817,C6H12O7,D-Altronate,-H(+)
195.0513,C00880,C6H12O7,D-Galactonate,-H(+)
196.0106,C03166,C3H8N3O5P,Phosphoguanidinoacetate,-H(+)
196.0253,C04604,C8H7NO5,"3-Hydroxy-2-methylpyridine-4,5-dicarboxylate",-H(+)
197.0488,C01207,C9H10O5,"3-(3,4-Dihydroxyphenyl)lactate",-H(+)
197.0488,C05584,C9H10O5,3-Methoxy-4-hydroxymandelate,-H(+)
198.0175,C01102,C4H10NO6P,O-Phospho-L-homoserine,-H(+)
198.0175,C05702,C4H10NO6P,O-Phosphorylhomoserine,-H(+)
198.0175,C12215,C4H10NO6P,Iminoerythrose 4-phosphate,-H(+)
199.0245,C01036,C8H8O6,4-Maleylacetoacetate,-H(+)
199.0245,C01061,C8H8O6,4-Fumarylacetoacetate,-H(+)
201.0258,C12248,C5H6N4O5,"5-Hydroxy-2-oxo-4-ureido-2,5-dihydro-1H-imidazole-5-carboxylate",-H(+)
204.0555,C00248,C8H15NOS2,Lipoamide,-H(+)
204.1243,C05944,C9H19NO4,Pantothenol,-H(+)
204.9957,C01990,C6H6O8,3-Oxalomalate,-H(+)
204.9957,C18305,C7H7ClO5,2-Chloro-5-methylmaleylacetate,-H(+)
204.9957,C18310,C7H7ClO5,3-Chloro-2-methylmaleylacetate,-H(+)
205.0354,C00725,C8H14O2S2,Lipoate,-H(+)
205.0354,C01251,C7H10O7,"(R)-2-Hydroxybutane-1,2,4-tricarboxylate",-H(+)
205.0354,C02225,C7H10O7,2-Methylcitrate,-H(+)
205.0354,C04593,C7H10O7,"(2S,3R)-3-Hydroxybutane-1,2,3-tricarboxylate",-H(+)
205.0354,C05662,C7H10O7,Homoisocitrate,-H(+)
206.0681,C00579,C8H17NOS2,Dihydrolipoamide,-H(+)
209.0319,C00818,C6H10O8,D-Glucarate,-H(+)
210.0381,C05654,C9H9NO5,"5-(2'-Formylethyl)-4,6-dihydroxypicolinate",-H(+)
211.0224,C12624,C9H8O6,2-Hydroxy-6-ketononatrienedioate,-H(+)
211.9979,C03082,C4H8NO7P,4-Phospho-L-aspartate,-H(+)
211.9979,C07335,C4H8NO7P,2-Amino-3-oxo-4-phosphonooxybutyrate,-H(+)
213.0186,C00672,C5H11O7P,2-Deoxy-D-ribose 1-phosphate,-H(+)
213.0186,C00673,C5H11O7P,2-Deoxy-D-ribose 5-phosphate,-H(+)
213.1235,C01909,C10H18N2O3,Dethiobiotin,-H(+)
214.0488,C01233,C5H14NO6P,sn-glycero-3-Phosphoethanolamine,-H(+)
215.104,C15700,C9H16N2O4,gamma-Glutamyl-gamma-aminobutyraldehyde,-H(+)
216.0552,C04690,C8H11NO6,2-(Hydroxymethyl)-3-(acetamidomethylene)succinate,-H(+)
216.0992,C15532,C8H15N3O4,N-Acetyl-L-citrulline,-H(+)
216.1339,C05341,C9H19N3O3,beta-Alanyl-L-lysine,-H(+)
216.1339,C15699,C9H19N3O3,gamma-L-Glutamylputrescine,-H(+)
217.1205,C04020,C9H18N2O4,D-Lysopine,-H(+)
218.0647,C01118,C8H13NO6,O-Succinyl-L-homoserine,-H(+)
218.1037,C00864,C9H17NO5,Pantothenate,-H(+)
220.0464,C01100,C6H12N3O4P,L-Histidinol phosphate,-H(+)
221.0622,C00542,C7H14N2O4S,Cystathionine,-H(+)
221.0622,C02291,C7H14N2O4S,L-Cystathionine,-H(+)
223.1347,C16318,C13H20O3,(+)-7-Isomethyljasmonate,-H(+)
224.0601,C11355,C10H11NO5,4-Amino-4-deoxychorismate,-H(+)
225.038,C00251,C10H10O6,Chorismate,-H(+)
225.038,C00254,C10H10O6,Prephenate,-H(+)
225.038,C00885,C10H10O6,Isochorismate,-H(+)
225.0877,C00931,C10H14N2O4,Porphobilinogen,-H(+)
226.0109,C03287,C5H10NO7P,L-Glutamyl 5-phosphate,-H(+)
227.0344,C01107,C6H13O7P,(R)-5-Phosphomevalonate,-H(+)
227.0344,C18911,C6H13O7P,(R)-4-Phosphopantoate,-H(+)
227.0659,C00526,C9H12N2O5,Deoxyuridine,-H(+)
229.0112,C00117,C5H11O8P,D-Ribose 5-phosphate,-H(+)
229.0112,C00199,C5H11O8P,D-Ribulose 5-phosphate,-H(+)
229.0112,C00231,C5H11O8P,D-Xylulose 5-phosphate,-H(+)
229.0112,C00620,C5H11O8P,alpha-D-Ribose 1-phosphate,-H(+)
230.0645,C05539,C9H13NO6,N-Acetyl-L-2-amino-6-oxopimelate,-H(+)
231.1006,C03415,C9H16N2O5,N2-Succinyl-L-ornithine,-H(+)
231.1006,C04390,C9H16N2O5,"N6-Acetyl-LL-2,6-diaminoheptanedioate",-H(+)
231.1006,C15767,C9H16N2O5,4-(L-gamma-Glutamylamino)butanoate,-H(+)
235.075,C02700,C11H12N2O4,L-Formylkynurenine,-H(+)
235.1714,C09627,C15H24O2,Capsidiol,-H(+)
238.0953,C00268,C9H13N5O3,Dihydrobiopterin,-H(+)
238.0953,C04244,C9H13N5O3,"6-Lactoyl-5,6,7,8-tetrahydropterin",-H(+)
239.0599,C05817,C11H12O6,"(1R,6R)-6-Hydroxy-2-succinylcyclohexa-2,4-diene-1-carboxylate",-H(+)
241.0829,C00214,C10H14N2O5,Thymidine,-H(+)
242.0821,C00475,C9H13N3O5,Cytidine,-H(+)
242.0821,C05711,C9H13N3O5,gamma-Glutamyl-beta-cyanoalanine,-H(+)
245.1225,C04137,C9H18N4O4,D-Octopine,-H(+)
246.0169,C00018,C8H10NO6P,Pyridoxal phosphate,-H(+)
246.0641,C05931,C9H13NO7,N-Succinyl-L-glutamate,-H(+)
248.9443,C11536,C3H7O9PS,(2R)-O-Phospho-3-sulfolactate,-H(+)
250.0932,C00559,C10H13N5O3,Deoxyadenosine,-H(+)
250.0932,C05198,C10H13N5O3,5'-Deoxyadenosine,-H(+)
253.0922,C05401,C9H18O8,3-beta-D-Galactosyl-sn-glycerol,-H(+)
253.0922,C11546,C9H18O8,2-(beta-D-Glucosyl)-sn-glycerol,-H(+)
254.0324,C05656,C10H9NO7,"5-(3'-Carboxy-3'-oxopropyl)-4,6-dihydroxypicolinate",-H(+)
255.2344,C00249,C16H32O2,Hexadecanoic acid,-H(+)
258.0391,C00352,C6H14NO8P,D-Glucosamine 6-phosphate,-H(+)
258.0391,C12214,C6H14NO8P,Aminofructose 6-phosphate,-H(+)
259.0092,C04188,C6H13O7PS,S-Methyl-5-thio-D-ribose 1-phosphate,-H(+)
259.0092,C04582,C6H13O7PS,S-Methyl-5-thio-D-ribulose 1-phosphate,-H(+)
261.088,C18260,C18H14O2,"1,6-Dimethoxypyrene",-H(+)
261.1516,C18132,C16H22O3,3''-Hydroxy-geranylhydroquinone,-H(+)
266.0894,C00212,C10H13N5O4,Adenosine,-H(+)
266.0894,C00330,C10H13N5O4,Deoxyguanosine,-H(+)
267.0435,C01817,C8H16N2O4S2,Homocystine,-H(+)
267.0724,C11544,C9H16O9,2(alpha-D-Mannosyl)-D-glycerate,-H(+)
267.0724,C00294,C10H12N4O5,Inosine,-H(+)
269.0683,C01726,C6H15N4O6P,D-Lombricine,-H(+)
271.1741,C00951,C18H24O2,Estradiol-17beta,-H(+)
273.0057,C01218,C6H11O10P,6-Phospho-2-dehydro-D-gluconate,-H(+)
273.0057,C04037,C6H11O10P,1-Phospho-alpha-D-galacturonate,-H(+)
273.1204,C03296,C10H18N4O5,N2-Succinyl-L-arginine,-H(+)
274.1043,C18048,C10H17N3O6,N-Succinyl-L-citrulline,-H(+)
275.1249,C00449,C11H20N2O6,"N6-(L-1,3-Dicarboxypropyl)-L-lysine",-H(+)
277.1266,C00831,C11H22N2O4S,Pantetheine,-H(+)
279.2335,C01595,C18H32O2,Linoleate,-H(+)
279.2335,C04056,C18H32O2,"9-cis,11-trans-Octadecadienoate",-H(+)
281.2495,C00712,C18H34O2,(9Z)-Octadecenoic acid,-H(+)
282.0843,C00387,C10H13N5O5,Guanosine,-H(+)
283.2093,C00376,C20H28O,Retinal,-H(+)
283.2662,C01530,C18H36O2,Octadecanoic acid,-H(+)
285.0437,C03838,C7H15N2O8P,5'-Phosphoribosylglycinamide,-H(+)
285.0988,C01451,C13H18O7,Salicin,-H(+)
285.1544,C05300,C18H22O3,16alpha-Hydroxyestrone,-H(+)
285.186,C00280,C19H26O2,Androstenedione,-H(+)
286.0501,C03506,C11H14NO6P,Indoleglycerol phosphate,-H(+)
287.0146,C04691,C7H13O10P,2-Dehydro-3-deoxy-D-arabino-heptonate 7-phosphate,-H(+)
287.17,C05141,C18H24O3,Estriol,-H(+)
289.0328,C05382,C7H15O10P,Sedoheptulose 7-phosphate,-H(+)
289.1165,C03406,C10H18N4O6,N-(L-Arginino)succinate,-H(+)
295.2287,C14762,C18H32O3,13(S)-HODE,-H(+)
295.2287,C14767,C18H32O3,9(S)-HODE,-H(+)
295.2287,C14825,C18H32O3,9(10)-EpOME,-H(+)
295.2287,C14826,C18H32O3,12(13)-EpOME,-H(+)
296.0799,C00170,C11H15N5O3S,5'-Methylthioadenosine,-H(+)
297.997,C04752,C6H11N3O7P2,2-Methyl-4-amino-5-hydroxymethylpyrimidine diphosphate,-H(+)
298.0711,C03492,C9H18NO8P,D-4'-Phosphopantothenate,-H(+)
298.2756,C00319,C18H37NO2,Sphingosine,-H(+)
298.2756,C02934,C18H37NO2,3-Dehydrosphinganine,-H(+)
299.0286,C05640,C14H8N2O6,Cinnavalininate,-H(+)
299.0752,C03993,C13H16O8,4-(beta-D-Glucosyloxy)benzoate,-H(+)
300.0484,C00357,C8H16NO9P,N-Acetyl-D-glucosamine 6-phosphate,-H(+)
300.0484,C04501,C8H16NO9P,N-Acetyl-alpha-D-glucosamine 1-phosphate,-H(+)
300.2881,C00836,C18H39NO2,Sphinganine,-H(+)
301.2178,C06428,C20H30O2,"(5Z,8Z,11Z,14Z,17Z)-Icosapentaenoic acid",-H(+)
303.131,C01682,C11H20N4O6,Nopaline,-H(+)
303.2338,C00219,C20H32O2,Arachidonate,-H(+)
305.2432,C03242,C20H34O2,"(8Z,11Z,14Z)-Icosatrienoic acid",-H(+)
306.0765,C00051,C10H17N3O6S,Glutathione,-H(+)
308.0992,C00270,C11H19NO9,N-Acetylneuraminate,-H(+)
309.0042,C01151,C5H12O11P2,"D-Ribose 1,5-bisphosphate",-H(+)
311.0166,C05695,C9H16N2O5Se,gamma-Glutamyl-Se-methylselenocysteine,-H(+)
311.2206,C07354,C18H32O4,"(7S,8S)-DiHODE",-H(+)
311.2206,C14827,C18H32O4,9(S)-HPODE,-H(+)
311.2206,C14831,C18H32O4,8(R)-HPODE,-H(+)
311.2206,C14832,C18H32O4,"12,13-Epoxy-9-hydroxy-10-octadecenoate",-H(+)
311.2206,C14834,C18H32O4,"9,10-Epoxy-13-hydroxy-11-octadecenoate",-H(+)
311.2206,C14836,C18H32O4,"9,10-12,13-Diepoxyoctadecanoate",-H(+)
311.2965,C06425,C20H40O2,Icosanoic acid,-H(+)
313.0569,C00341,C10H20O7P2,Geranyl diphosphate,-H(+)
313.2395,C14828,C18H34O4,"9,10-DHOME",-H(+)
313.2395,C14829,C18H34O4,"12,13-DHOME",-H(+)
316.2872,C12144,C18H39NO3,Phytosphingosine,-H(+)
317.2148,C00909,C20H30O3,Leukotriene A4,-H(+)
317.2148,C04577,C20H30O3,15-OxoETE,-H(+)
317.2148,C14732,C20H30O3,5-OxoETE,-H(+)
317.2148,C14807,C20H30O3,12-OxoETE,-H(+)
319.1182,C06079,C17H20O6,PR-toxin,-H(+)
321.0524,C00364,C10H15N2O8P,dTMP,-H(+)
323.0281,C00105,C9H13N2O9P,UMP,-H(+)
323.0281,C01368,C9H13N2O9P,3'-UMP,-H(+)
324.1937,C19691,C18H31NO2S,Farnesylcysteine,-H(+)
327.0505,C19586,C17H12O7,"Aflatoxin B1-exo-8,9-epoxide",-H(+)
327.2333,C06429,C22H32O2,"(4Z,7Z,10Z,13Z,16Z,19Z)-Docosahexaenoic acid",-H(+)
329.2336,C14833,C18H34O5,"9,12,13-TriHOME",-H(+)
329.2336,C14835,C18H34O5,"9,10,13-TriHOME",-H(+)
329.2336,C14837,C18H34O5,"9,10-Dihydroxy-12,13-epoxyoctadecanoate",-H(+)
333.2071,C14815,C20H30O4,"5,6-Epoxytetraene",-H(+)
334.0755,C01031,C11H17N3O7S,S-Formylglutathione,-H(+)
335.2218,C02165,C20H32O4,Leukotriene B4,-H(+)
335.2218,C04822,C20H32O4,8(R)-HPETE,-H(+)
335.2218,C05356,C20H32O4,5(S)-HPETE,-H(+)
335.2218,C05965,C20H32O4,12(S)-HPETE,-H(+)
335.2218,C05966,C20H32O4,15(S)-HPETE,-H(+)
335.2218,C14781,C20H32O4,"15H-11,12-EETA",-H(+)
335.2218,C14812,C20H32O4,12(R)-HPETE,-H(+)
335.2218,C14813,C20H32O4,"11H-14,15-EETA",-H(+)
335.2218,C14820,C20H32O4,11(R)-HPETE,-H(+)
335.2218,C14821,C20H32O4,9(S)-HPETE,-H(+)
335.2218,C14823,C20H32O4,8(S)-HPETE,-H(+)
337.0411,C04437,C10H15N2O9P,1-(5-Phosphoribosyl)imidazole-4-acetate,-H(+)
337.0548,C04677,C9H15N4O8P,1-(5'-Phosphoribosyl)-5-amino-4-imidazolecarboxamide,-H(+)
337.2359,C14772,C20H34O4,"5,6-DHET",-H(+)
337.2359,C14773,C20H34O4,"8,9-DHET",-H(+)
337.2359,C14774,C20H34O4,"11,12-DHET",-H(+)
337.2359,C14775,C20H34O4,"14,15-DHET",-H(+)
338.9882,C00354,C6H14O12P2,"D-Fructose 1,6-bisphosphate",-H(+)
338.9882,C00665,C6H14O12P2,"beta-D-Fructose 2,6-bisphosphate",-H(+)
338.9882,C01220,C6H14O12P2,"1D-myo-Inositol 1,4-bisphosphate",-H(+)
338.9882,C03693,C6H14O12P2,"D-Mannose 1,6-bisphosphate",-H(+)
338.9882,C03785,C6H14O12P2,"D-Tagatose 1,6-bisphosphate",-H(+)
338.9882,C05378,C6H14O12P2,"beta-D-Fructose 1,6-bisphosphate",-H(+)
339.094,C05731,C12H20O11,3-Ketosucrose,-H(+)
341.1097,C00089,C12H22O11,Sucrose,-H(+)
341.1097,C00185,C12H22O11,Cellobiose,-H(+)
341.1097,C00208,C12H22O11,Maltose,-H(+)
341.1097,C00243,C12H22O11,Lactose,-H(+)
341.1097,C00252,C12H22O11,Isomaltose,-H(+)
341.1097,C01083,C12H22O11,"alpha,alpha-Trehalose",-H(+)
341.1097,C01235,C12H22O11,alpha-D-Galactosyl-(1->3)-1D-myo-inositol,-H(+)
341.1097,C05400,C12H22O11,Epimelibiose,-H(+)
341.1097,C05402,C12H22O11,Melibiose,-H(+)
343.1246,C05399,C12H24O11,Melibiitol,-H(+)
346.0551,C00020,C10H14N5O7P,AMP,-H(+)
346.0551,C00362,C10H14N5O7P,dGMP,-H(+)
346.0551,C01367,C10H14N5O7P,3'-AMP,-H(+)
347.0398,C00130,C10H13N4O8P,IMP,-H(+)
348.0897,C14871,C12H19N3O7S,S-(Formylmethyl)glutathione,-H(+)
353.0531,C01268,C9H15N4O9P,5-Amino-6-(5'-phosphoribosylamino)uracil,-H(+)
354.0077,C04807,C7H11N5O8P2,"2-Amino-7,8-dihydro-4-hydroxy-6-(diphosphooxymethyl)pteridine",-H(+)
357.0899,C01134,C11H23N2O7PS,Pantetheine 4'-phosphate,-H(+)
357.0899,C04778,C14H19N2O7P,"N1-(5-Phospho-alpha-D-ribosyl)-5,6-dimethylbenzimidazole",-H(+)
362.0504,C00144,C10H14N5O8P,GMP,-H(+)
362.0969,C19154,C16H17N3O7,"7,8-Didemethyl-8-hydroxy-5-deazariboflavin",-H(+)
369.0734,C02273,C12H18O13,Digalacturonate,-H(+)
378.0978,C03451,C13H21N3O8S,(R)-S-Lactoylglutathione,-H(+)
380.0106,C04461,C8H17NO12P2,"N-Acetyl-D-glucosamine 1,6-bisphosphate",-H(+)
380.256,C01120,C18H40NO5P,Sphinganine 1-phosphate,-H(+)
381.1242,C00448,C15H28O7P2,"trans,trans-Farnesyl diphosphate",-H(+)
383.1132,C00021,C14H20N6O5S,S-Adenosyl-L-homocysteine,-H(+)
386.9962,C01346,C9H14N2O11P2,dUDP,-H(+)
397.0995,C04425,C15H20N5O6S,S-Adenosyl-4-methylthio-2-oxobutanoate,-H(+)
401.0095,C00363,C10H16N2O11P2,dTDP,-H(+)
402.0759,C05983,C13H18N5O8P,Propionyladenylate,-H(+)
402.9941,C00015,C9H14N2O12P2,UDP,-H(+)
410.0271,C00206,C10H15N5O9P2,dADP,-H(+)
411.0062,C01344,C10H14N4O10P2,dIDP,-H(+)
417.0805,C06435,C14H19N4O9P,5'-Butyrylphosphoinosine,-H(+)
418.0224,C14861,C12H19Cl2N3O7S,"S-(2,2-Dichloro-1-hydroxy)ethyl glutathione",-H(+)
421.0747,C00689,C12H23O14P,"alpha,alpha'-Trehalose 6-phosphate",-H(+)
421.0747,C16688,C12H23O14P,Sucrose 6-phosphate,-H(+)
423.1611,C01674,C16H28N2O11,Chitobiose,-H(+)
433.3343,C04554,C27H46O4,"3alpha,7alpha-Dihydroxy-5beta-cholestanate",-H(+)
441.3388,C15808,C29H46O3,4alpha-Methylzymosterol-4-carboxylate,-H(+)
442.0147,C00035,C10H15N5O11P2,GDP,-H(+)
447.2384,C16566,C18H36N6O5S,Glutathionylaminopropylcadaverine,-H(+)
453.0643,C04823,C13H19N4O12P,1-(5'-Phosphoribosyl)-5-amino-4-(N-succinocarboxamide)-imidazole,-H(+)
455.0965,C00061,C17H21N4O9P,FMN,-H(+)
460.3317,C01747,C24H47NO7,Psychosine,-H(+)
462.0649,C03794,C14H18N5O11P,"N6-(1,2-Dicarboxyethyl)-AMP",-H(+)
465.9801,C00458,C9H16N3O13P3,dCTP,-H(+)
466.9765,C00460,C9H15N2O14P3,dUTP,-H(+)
481.9748,C00063,C9H16N3O14P3,CTP,-H(+)
482.9597,C00075,C9H15N2O15P3,UTP,-H(+)
489.9891,C00131,C10H16N5O12P3,dATP,-H(+)
490.2819,C16562,C20H41N7O5S,Glutathionylspermine,-H(+)
490.9737,C01345,C10H15N4O13P3,dITP,-H(+)
493.9825,C04895,C9H16N5O13P3,"7,8-Dihydroneopterin 3'-triphosphate",-H(+)
495.996,C11039,C10H18N3O14P3,2'-Deoxy-5-hydroxymethylcytidine-5'-triphosphate,-H(+)
503.1613,C00492,C18H32O16,Raffinose,-H(+)
503.1613,C01835,C18H32O16,Maltotriose,-H(+)
503.1613,C05404,C18H32O16,D-Gal alpha 1->6D-Gal alpha 1->6D-Glucose,-H(+)
503.1613,C06219,C18H32O16,Cellotriose,-H(+)
506.9652,C00081,C10H15N4O14P3,ITP,-H(+)
522.9631,C00700,C10H15N4O15P3,XTP,-H(+)
530.0635,C04297,C15H23N3O14P2,"CDP-4-dehydro-3,6-dideoxy-D-glucose",-H(+)
530.2769,C05122,C26H45NO8S,Taurocholate,-H(+)
547.0247,C04089,C15H22N2O16P2,UDP-4-dehydro-6-deoxy-D-glucose,-H(+)
547.0247,C17328,C15H22N2O16P2,UDP-4-keto-rhamnose,-H(+)
558.0637,C00301,C15H23N5O14P2,ADP-ribose,-H(+)
558.0637,C02741,C15H23N5O14P2,Phosphoribosyl-AMP,-H(+)
565.0458,C00029,C15H24N2O17P2,UDP-glucose,-H(+)
565.0458,C00052,C15H24N2O17P2,UDP-alpha-D-galactose,-H(+)
576.0726,C04896,C15H25N5O15P2,5-(5-Phospho-D-ribosylaminoformimino)-1-(5-phosphoribosyl)-imidazole-4-carboxamide,-H(+)
576.0726,C04916,C15H25N5O15P2,N-(5'-Phospho-D-1'-ribulosylformimino)-5-amino-1-(5''-phospho-D-ribosyl)-4-imidazolecarboxamide,-H(+)
604.0678,C00096,C16H25N5O16P2,GDP-mannose,-H(+)
604.0678,C00394,C16H25N5O16P2,GDP-glucose,-H(+)
604.0678,C02280,C16H25N5O16P2,GDP-L-galactose,-H(+)
604.0678,C15925,C16H25N5O16P2,GDP-L-gulose,-H(+)
606.0739,C00043,C17H27N3O17P2,UDP-N-acetyl-alpha-D-glucosamine,-H(+)
606.0739,C00203,C17H27N3O17P2,UDP-N-acetyl-D-galactosamine,-H(+)
606.0739,C01170,C17H27N3O17P2,UDP-N-acetyl-D-mannosamine,-H(+)
611.1438,C00127,C20H32N6O12S2,Glutathione disulfide,-H(+)
665.2056,C01613,C24H42O21,Stachyose,-H(+)
665.2056,C02013,C24H42O21,Cellotetraose,-H(+)
744.0818,C00005,C21H30N7O17P3,NADPH,-H(+)
766.1062,C00010,C21H36N7O16P3S,CoA,-H(+)
784.1434,C00016,C27H33N9O15P2,FAD,-H(+)
808.1187,C00024,C23H38N7O17P3S,Acetyl-CoA,-H(+)
827.2636,C06218,C30H52O26,Cellopentaose,-H(+)
989.3212,C06217,C36H62O31,Cellohexaose,-H(+)